{"train/epoch": 20, "_timestamp": 1669862025.510591, "_runtime": 372.31820607185364, "_step": 4021, "train/action_pred_loss": 0.041081465780735016, "train/return_pred_loss": 0.0, "train/max_norm": 0.0032823006622493267, "train/total_norm": 0.07748626917600632, "time_per_iter": 0.03129124641418457, "eval/returns": 16.965602612495424, "eval/rewards": 0.06295217182487249, "eval/max_return": 31.47608938217163, "eval/max_reward": 0.1536475256085396, "eval/return_std": 0.24355545043945312, "eval/episode_length": 500.0, "eval/success_rate": 0.0, "eval/max_reward_for_success": 0.0, "eval/num_successes": 0, "eval/max_return_for_success": 0.0, "eval/episode_length_std": 0.0, "eval/epoch": 20, "eval/total_training_iters": 4000, "eval/total_online_rollouts": 0, "_wandb": {"runtime": 371}}